x,y,z
1.869064407,-1.452257192,2446.709518
-0.298729385,-0.686767573,61.90535621
0.711860345,-0.621641692,127.4087113
-0.926376595,-0.207970709,117.3772948
-1.468141768,-1.826950082,1592.035
-0.988245654,-0.109060248,121.8253377
-1.441346784,-1.779347951,1493.472784
-1.771406965,-1.59613735,2248.77522
0.382107106,0.09275956,0.665308267
0.617987808,0.16777214,4.731389837
0.280305915,-1.338740407,201.395237
0.158858891,-1.987236208,405.7120164
0.183048014,-0.676502409,51.07868639
0.965390627,-1.840304472,768.5567978
0.432830143,1.778118588,253.3787183
-1.754529754,-1.403208009,2016.045755
-0.475022938,-1.309626,237.8819472
0.46826645,-1.224539658,208.742375
0.180313268,-1.356195663,193.5230265
-0.51967752,1.34157375,117.1225788
-0.969677123,-1.826560445,769.4167585
-1.444109689,0.95729742,133.2471269
-0.53329605,-0.77593516,114.7830537
0.340352507,-1.912992301,412.0511159
0.646908258,1.760161589,180.13286
0.702273807,-0.619565108,123.9107001
-1.965051756,0.214302585,1338.944204
0.262675135,-1.686258206,308.6361622
-1.506710384,-1.771429178,1639.740984
0.863198924,-1.960463907,732.0330206
1.551384315,1.036047791,188.1983475
1.858358556,0.497042788,874.798647
-0.835305945,-0.853807008,244.0969252
1.32699006,0.310304388,210.5304455
-1.280334528,1.172107981,27.02269978
1.0206396,0.83247682,4.378077228
-1.247309543,-0.467813243,414.5438046
-0.835008212,0.180415977,30.07782937
-1.555732316,-1.989901487,1951.522163
1.425188533,1.621454135,16.96686778
-0.877385283,1.769743054,103.5121999
-0.852603257,-1.52031846,508.4457427
1.227082298,-1.426706693,859.9706281
-0.078489789,-0.41781062,19.13830371
-0.621180768,-1.235130328,265.3909896
-0.247342058,1.636705774,249.7846095
0.313553179,1.830456546,300.5024364
0.87399186,1.905585285,130.3691364
-0.809048388,-1.042588649,291.3037703
0.18367206,1.554888987,232.057207
0.895976809,1.732434228,86.43755249
1.168598241,0.845501459,27.08094723
1.115560445,-0.075401057,174.2206627
0.802481625,0.503216195,2.020367123
-0.911456614,0.055122722,63.81392372
-1.593503135,-1.689322951,1794.811074
0.586361468,-1.971529766,536.2554446
0.15721413,-1.770953212,323.1531815
1.815484972,1.675778185,263.1722489
-0.039091714,-0.224347609,6.181698006
1.361090425,-0.14825856,400.4607363
1.736748422,-1.993545092,2510.392653
0.296860645,1.915879872,334.5627378
-0.290863859,-1.68127014,313.4966948
-0.966295317,0.509216693,21.88718675
0.971832507,0.943487613,0.000887655
-0.126761032,-1.799973829,331.0705133
-0.760058627,-1.779772307,558.8602429
-0.150294322,0.95022821,87.37474177
0.415547028,-0.320468792,24.66109254
1.843705148,-1.958209333,2870.947468
-1.251265497,-1.150026381,742.5663501
-1.382223265,0.068244732,345.0805981
0.43399552,0.676284842,24.128196
1.599316947,-1.71070191,1822.382584
-1.380220079,0.408664645,229.5696316
0.587612001,-1.152941846,224.6392903
0.125735041,1.672112895,275.098499
-0.569529993,-1.392213994,297.1275672
1.769959028,0.267739559,821.424162
-0.702903457,0.895000854,18.97417297
-1.334381956,-0.516388042,533.0533554
-0.082407145,-1.643095816,273.3842351
-0.364267869,0.173088875,2.024424998
1.359970375,0.349522963,225.1285159
-1.704639495,-1.701439181,2129.976499
-0.874468928,-0.047898966,69.54467647
1.679859823,-0.77521982,1294.41019
-1.667346413,1.931007201,79.2010958
-0.0760058,-0.906993049,84.47268312
-1.280544135,0.158747457,224.5505549
-0.709799346,0.806546525,12.08804468
-0.129511469,-1.296020534,173.6185404
-1.991637341,0.128599684,1481.989348
1.610142848,-0.842267447,1180.176228
-1.776202124,1.469968919,291.6045458
1.59458896,-0.729970864,1071.400127
-1.088298017,-0.733520983,372.2002297
-1.76981684,0.07607494,941.6934916
-1.838622887,-1.137184241,2049.0357
1.185280191,0.789038065,37.96158219
1.025075456,-0.320827546,188.13127
-0.451367104,-1.161993975,188.6272821
0.788810679,1.343270993,52.03572445
-0.119004678,-0.400099149,18.41341081
-1.838978093,-0.763917284,1726.790495
1.108445183,-0.452498911,282.6381696
0.061520642,-0.74147158,56.42144914
1.793185816,1.020721151,482.3413097
-0.627017834,0.128793891,9.635674384
-0.452196058,-1.048535844,159.1140634
-0.842880039,-0.971922455,286.4328244
1.18660738,-1.886367604,1085.345041
1.547082587,-0.070082922,607.2059052
0.371959204,-0.048537078,3.887249661
-1.671461964,0.781236789,412.1717789
1.691333376,1.606886974,157.659731
0.366147111,-1.24192142,189.7352766
-0.527740384,-1.878186553,467.4679551
0.151060984,-1.101642125,127.1620743
-0.120061695,0.227211455,5.782779373
-0.584278531,1.104796068,60.7901337
1.73843426,-0.377690153,1156.439091
-0.696222805,-0.87169567,186.8651994
1.373302347,-0.792196922,717.3914483
0.990554388,0.751969722,5.254649411
0.509351841,-0.307875855,32.42538387
0.268699547,-0.111379244,3.904913929
0.239406469,0.384502948,11.28366788
1.604161348,0.463687686,445.4256121
-0.43142149,-1.747519964,375.9470597
1.223071791,1.757782444,6.907761247
-1.554569397,0.281506153,462.4251273
-1.824118421,-0.408648305,1403.787327
-0.456530304,-1.269464717,220.53578
-1.037271452,0.103514294,98.71010714
0.17298746,0.41353467,15.39961359
-0.653309693,-1.290845803,297.7688003
-0.1894862,1.265651143,152.6424303
-0.147920486,1.902565023,355.0151601
0.313424186,-0.370465415,22.4393681
-0.24264167,-0.398158413,22.4321105
-1.039219857,1.614563592,32.73660269
0.709193349,1.869959181,186.9545552
1.952540998,1.034257787,772.7238329
0.759126396,-1.34172623,367.9300803
-1.777194017,-0.135543794,1092.731615
-0.337462189,-0.994772898,124.7000916
0.120447376,-1.325219256,180.2604098
1.959210881,0.159648895,1354.319986
0.116620398,-1.21311792,151.2641228
0.021138465,-1.632358953,267.563644
1.99498363,-0.410311541,1928.438135
1.656933552,0.73975091,402.7059393
1.366158865,-1.245501112,968.5207297
-1.585052648,-1.427106225,1558.647042
-0.248394941,1.851248888,321.8069954
0.249492778,1.261855498,144.4694009
-0.965624954,1.903620046,98.18439076
-0.778874512,0.734154726,4.790254677
1.303528031,-0.944053419,698.7632363
0.562170017,-0.830650628,131.6805174
0.703461253,0.042785562,20.52486008
-0.940735875,-0.44474939,180.5855407
-1.74463734,1.555308592,229.0816297
-0.197131081,-1.201341591,155.2432859
1.209857704,1.043470057,17.70803943
-1.071491635,-1.959713648,970.1381169
-0.438615939,-1.526851948,297.6468202
1.869676777,-0.156923897,1334.916078
-0.856927443,0.429088242,12.7651056
0.838340165,-1.880349861,667.2998074
-0.94906461,-1.262819719,471.8908369
0.687862918,-0.687601932,134.8331865
0.66959583,0.486449277,0.254257071
0.846818516,-0.6227751,179.5504214
-1.906793145,1.113026885,644.9181878
-1.623670487,-1.542396943,1753.039349
0.822846041,1.276625563,35.97739859
-1.11840067,-0.158809229,203.1930943
-0.127085928,-0.174882188,4.919684191
-0.774941672,0.571705411,3.233530118
0.332332613,-1.035325982,131.7248863
-0.054454604,0.938118977,88.56311379
-0.960513603,-0.515799372,210.7389713
-1.057611451,0.862056924,10.81222341
0.90098707,1.657108426,71.46820721
-1.029661208,1.816269268,61.2832652
0.897827339,-0.499142929,170.3747655
1.276623512,-0.132246126,310.5457549
1.182829441,1.586614515,3.550140242
-0.366376446,-0.096707883,7.200293685
-0.708663935,0.262601423,8.660499405
-0.45861456,1.19200831,98.49731406
1.813054678,-1.128415401,1950.398086
1.160606157,-1.012988184,556.9833572
1.626769989,-1.183488703,1467.182727
-0.736238015,1.441710632,83.95409294
0.943135836,-0.102091603,98.32965654
1.258450037,-1.047835503,692.562862
0.004160387,-0.662318407,44.86055652
0.777705911,0.282602965,10.4322143
0.377449782,-0.540448647,47.02512966
0.705494341,-1.442917678,376.6950721
-0.328435537,1.639563106,236.373148
0.616518003,-0.984850646,186.4545692
0.740416235,-1.605898914,464.0885765
0.060703358,1.486515741,220.7610093
-1.677006959,0.621139883,487.3075702
1.138544383,1.068540097,5.205891749
1.904471542,0.014396946,1305.916717
0.439586457,-0.686217954,77.65803359
0.079235567,-1.057365571,113.9816303
-1.085497309,0.360819926,71.17738661
-0.521878056,-0.75515968,107.895105
1.768610915,0.242929771,832.9448818
-1.463473177,0.758388897,197.4385291
-1.747096048,-0.388042649,1191.172981
1.592323998,0.902869906,266.8975511
-0.028869441,1.069741724,115.3150632
-1.47756323,-1.709102702,1521.13498
1.265100772,0.826236203,60.01561856
-0.833285384,-1.038335045,303.5857173
-0.03332786,1.21260981,147.8407646
-0.759213932,0.04993675,30.81179915
1.304837799,-1.387202849,954.7821307
1.631214987,0.697798934,385.7602236
0.592755724,0.474814263,1.689959496
1.702072937,0.448023173,600.2672641
-1.103772873,1.896084376,50.36305314
-1.406362804,-0.071276038,425.6849309
-1.973366838,-1.881605543,3344.806938
0.012620329,1.201838882,145.3783069
1.616834641,-0.953393577,1273.120239
1.000480708,0.785681295,4.634563261
0.480259099,1.969458037,302.6158863
-0.389637133,-0.441061714,37.08161961
-0.300259109,-1.746127858,338.8843429
1.128733621,1.822152819,30.0593838
-0.782505846,-0.039336888,45.64239737
1.634568779,1.384446042,166.1345852
1.02825884,-0.76501559,332.0901296
0.840504775,1.949613219,154.5713464
1.283879957,0.889852806,57.61204483
-0.431236114,-0.146325454,13.09010385
1.215418617,1.337989086,1.98555415
-0.79998443,1.282682517,44.54722788
-1.954925055,-0.397437369,1788.870572
-1.053484487,0.412346732,52.86502865
-0.821478677,-1.939496895,686.7868409
0.694586645,1.519846717,107.712346
-0.203041791,0.441267709,17.45064896
1.527014571,1.046480479,165.4755595
0.361155562,1.07666735,89.94400232
0.383885975,1.490726741,180.8407485
-0.882705788,-1.25959894,419.2022594
1.731586443,0.360222114,696.5290477
-1.152869482,-0.759247016,440.7575327
1.027026941,1.583688673,27.97470999
0.492691912,-0.707170439,90.4913566
-0.20304851,-1.107101464,133.3135418
1.438200081,-1.666447567,1395.1152
0.013846839,1.197848109,144.410577
0.742015373,-1.854986652,578.7449263
1.904309547,0.672485671,873.375721
0.418579789,-0.718173614,80.15130601
-0.254977089,-1.400404237,216.3198279
0.340201502,0.953578004,70.63307854
-1.3204955,-0.808322046,656.6706222
-1.715617658,-1.543157601,2020.244196
-1.68838094,1.645184528,152.5373187
0.499939928,1.129808011,77.66684372
-1.770434386,0.518393295,692.0442518
1.534521948,1.032601115,175.095493
0.278506901,-1.115401852,142.8378042
-1.898253793,0.722632901,838.2630362
-1.6757897,-1.236133061,1642.880367
0.506944731,1.935851301,282.0996362
-0.535904203,-0.712914149,102.3804958
-0.455528918,-0.267048714,24.63883859
0.202199679,1.810210378,313.6878173
0.218373592,-0.303197184,12.92291267
0.585657262,-0.163121913,25.78705511
-0.036855037,-1.582610008,251.9706265
1.746579435,0.657590976,573.1777513
1.872235608,1.320318605,478.1603817
1.019121454,-0.922139546,384.4536705
1.596182598,-0.888631196,1181.260604
-1.73193916,1.183360977,337.340725
0.330581784,0.664134915,31.2340395
-0.514232289,-0.998147234,161.7042506
-0.554253132,0.527694567,7.277641013
0.740369544,1.649653936,121.3991474
0.748478409,-0.555600053,124.5686864
-0.802701912,-1.751453698,577.2278591
-1.206547102,-0.077555142,239.9731281
-0.977727975,1.299897761,15.74127708
1.980156705,1.051575642,824.3321302
-1.754037067,0.775624047,537.0549383
0.027830846,0.88736932,79.5501405
-0.201378187,-0.644275418,48.34232955
-0.82779689,-1.343968263,415.1125801
-0.316507172,-0.398867598,26.63772125
1.783146251,-0.785715631,1572.994492
0.000592879,1.726418163,299.0506604
-1.651648506,1.167560763,250.5104456
0.543518393,-1.577878389,351.1301547
1.559395405,-1.753973866,1752.311239
0.37190346,0.663617337,27.98905567
0.25452178,-1.243491026,171.7133953
1.97620784,1.045638292,818.7752123
-0.850992765,-1.395550714,452.7556866
1.642537695,-1.383501975,1666.221615
1.989609583,0.591415512,1134.736297
-1.817095053,-1.184838546,2020.959467
-1.511716867,0.516662344,319.112352
0.26419101,0.378416013,10.06599122
-1.800748344,-1.683534756,2434.617758
-0.908929652,-0.53683025,189.4163768
0.161151394,-1.375869462,197.2189906
1.025360327,-0.832096254,354.7428209
-0.900272505,-1.344382715,467.9589286
1.132423333,1.738235463,20.7977187
-0.727811651,0.154819184,17.03963042
-1.763003662,-1.579984657,2205.524766
0.646844873,1.202298594,61.57311942
0.515632591,0.309378511,0.423850208
-0.045108856,-0.613854735,39.02424553
0.172334227,-1.291933328,175.3562543
1.892927498,-0.014645981,1295.228551
0.927549492,-0.714157194,247.9119287
1.57200011,0.970655333,225.4859161
-0.453786779,-0.62966734,71.93452428
-1.334173757,0.255149772,237.9711706
-1.846917767,-0.02703888,1190.188439
1.225640491,1.063973571,19.25468185
-0.125526086,-1.291262324,172.0967074
0.978523589,-1.25840415,491.0273105
0.324071648,-0.770207191,77.05956863
0.607514682,-0.557485089,86.00523571
-0.314909647,1.929913421,336.8918356
-1.168599521,0.06734402,173.2561329
-1.532616143,1.768919458,40.05330751
-1.359363511,-0.890052625,755.188164
1.896967397,-1.77538371,2888.651369
1.93616984,-1.124155724,2375.40099
0.833247728,-0.823715058,230.4653175
-0.74445978,-0.672257469,153.4679275
-1.918691542,1.993201231,293.5125819
-0.285740143,0.530780552,21.82518387
-0.949265678,-0.650104243,244.4247495
0.114874661,0.400119214,15.75438972
1.425054544,-1.129002743,998.6036568
0.689926531,-1.27128006,305.3944236
1.0066047,1.880061681,75.13576851
-0.095547969,0.582136326,34.03391737
-0.10745795,1.126141031,125.4584015
-1.85820289,1.46527438,403.2420317
1.665377565,0.113589541,707.9457479
-0.301359898,0.411781822,11.99532869
1.13674219,-1.176904245,609.6577853
-0.628858531,0.839536339,22.37328845
1.505669743,0.526041951,303.3636013
1.046480388,0.822474989,7.435756229
-0.831421484,0.347961254,15.13962325
-0.988863241,-0.149012432,130.9375857
0.014438347,-1.99589906,399.4158572
-0.750769142,-1.230379545,324.9209381
-0.700411888,0.613740304,4.408325142
0.156306419,1.171531845,132.2956938
-0.323987063,-0.529976674,42.06836702
-0.185654895,0.663874569,41.02107314
1.640460991,-1.432432863,1700.772631
1.061092498,-0.955620955,433.2838787
1.688210797,-0.493270372,1118.256552
0.117917603,-1.691285387,291.5453453
-0.85961977,-1.111051464,345.7073024
1.932483424,-1.482905181,2722.993051
-0.401149027,1.489327456,178.4297115
0.028577387,-0.250205319,7.244865633
0.707552109,1.797332878,168.2293644
1.259666726,-0.40799532,397.9724098
0.199471939,1.612747075,248.0605385
-1.128219323,-0.564707997,342.2018563
-0.888437494,1.326688417,32.44255087
-0.864399841,1.788095133,111.8249431
-0.924460655,0.550951051,12.92548751
0.139986713,0.019250137,0.739634835
-0.735258922,-1.456757338,401.9570269
1.842077451,-1.547724406,2442.031245
0.482395114,-0.947812005,139.6299656
1.567846807,1.186664442,161.9883774
-0.261114832,-1.738670587,328.0616602
-0.618752704,1.837971648,214.3568329
-1.447597275,1.806493256,14.34541135
-0.5237051,-0.534933513,67.80222935
1.614305421,1.620300952,97.5340824
-1.181652841,-0.545914822,381.980785
-0.584006922,-1.261613639,259.3666667
-1.276788453,-0.689013551,543.0536986
-1.26353129,-0.346369927,382.6023278
1.902380862,0.02284411,1294.086089
-0.742094791,-0.120994477,48.15286976
1.299498647,-0.059220245,305.6110756
0.625527893,-1.232143242,263.6922018
-0.643575373,1.470310242,114.2404928
0.733862842,1.55106382,102.5883067
-1.124395529,0.157836933,126.931431
0.855964301,0.566397149,2.785574812
-0.159837774,1.389187297,187.296406
1.50805269,-0.215937425,620.3479696
-0.234350904,-1.799853947,345.5423902
-0.707305917,0.878040034,17.1850324
0.068015628,0.041784722,1.006670998
1.291252906,1.839475232,3.048086291
0.608391684,-1.100572965,216.4531492
-0.993436914,-1.418643436,582.6458444
1.749440535,0.400264671,708.2693073
-1.376767828,1.205211673,53.29739406
-0.416489172,-0.508581699,48.52497013
1.751624914,0.830621236,501.2362658
-1.620812795,0.671911976,389.1189187
1.221496161,1.700145814,4.379327866
-1.156055349,1.179026974,7.127215443
1.728972671,-0.734585048,1387.298016
0.407222666,0.029952463,2.197663621
-0.63418655,1.215744303,68.85720628
-1.470246155,-1.645171076,1455.270804
1.908971672,0.457329837,1016.423065
0.22373802,1.035842366,97.77952603
1.423505524,-1.389845634,1167.230901
1.857250747,-1.94755062,2913.421254
-0.274981794,-0.157885637,7.077832719
1.547079456,-0.759019776,994.108919
0.114346612,0.163023228,3.032824611
0.62769978,1.442398273,110.0510307
1.006076951,-1.008467353,408.3059866
1.001031706,0.859978604,2.018840573
-1.550438544,0.321295256,440.2121939
-0.930056662,-1.193010999,427.2682661
1.400321248,-1.894976158,1486.938042
1.9793257,0.688008116,1044.069571
0.749749221,0.416009534,2.197566072
0.073853987,0.039138545,0.971208525
1.802634225,1.495657531,308.2371065
1.20550748,-0.396546878,342.2164475
1.540986819,1.162148789,147.3062519
-1.726498227,0.253352588,751.3286193
-0.976767038,-0.85487387,331.136792
-1.342004015,-0.32954147,459.3949299
-0.490024033,-0.654511516,82.25736224
-1.702341962,0.555244849,556.1379013
0.886784785,-0.279085143,113.5359608
0.31840033,-1.845785337,379.6093841
-1.860611609,-1.007158326,2005.409486
-0.290022306,0.63608194,32.13113546
-1.584109528,-0.486542277,904.2464292
0.631007163,0.26986073,1.782483595
-0.354444815,0.356939762,7.18488923
-1.051194881,-0.776878427,358.3580604
0.772286978,0.137471735,21.11586292
-0.853847521,1.972932092,158.1596262
1.88374501,1.260181657,524.4189214
0.406339558,-0.65904618,68.27607638
1.897137463,0.879202153,740.6059056
1.542225271,-1.557287363,1549.303783
-1.723517072,1.257702708,300.7888036
0.881984959,0.681458442,0.943976136
-0.401645099,1.966988237,328.0088257
0.792107371,0.036441942,34.97039084
-0.534485932,-0.808043961,121.9768098
-1.827876096,0.239729949,969.8657449
-1.29109537,0.787082648,82.66177107
1.501887336,-0.709442745,879.4386229
1.349821504,-0.189580252,404.7751653
-1.632954612,0.131932579,649.356315
0.489403615,-0.449868376,47.78577644
0.226813618,1.753288087,290.2250048
0.920322953,1.630843734,61.44833587
-0.929774586,-1.063698057,375.5113927
0.67883765,-0.850349145,172.0197433
-0.364024114,0.645774717,28.20426381
0.558179803,-0.957503899,161.2487141
1.298436364,0.729146615,91.63384691
-1.999541201,0.457221319,1262.825473
-0.155388101,-0.118858577,3.379937178
-1.032151548,-0.093277652,138.368389
0.113818689,1.321408313,171.9904045
0.795770471,0.777346745,2.118078375
-0.333667372,0.387453968,9.402897017
-0.179324644,1.077998311,110.7691428
1.612379734,0.77494689,333.372366
1.930148834,1.519261555,487.602743
0.748734436,1.382121569,67.55236822
-0.576954627,0.960241547,41.84545841
-1.468305984,-0.686690388,814.1373167
0.20068851,-1.661664776,290.2990978
0.715286087,1.659982865,131.951531
1.391460219,0.385993908,240.4552101
-0.650908424,-0.303680325,55.63106128
0.240064395,1.195002968,129.939021
1.781540461,-1.84014711,2514.664025
0.95523491,1.501735277,34.72492061
-1.662603715,-1.833252244,2120.79317
-1.287505545,1.737614557,5.8717864
1.379130366,-1.919148652,1460.261876
-1.552333528,0.09010089,544.58668
-1.775328369,1.490508423,283.6883672
-1.97677357,-1.641337831,3087.969737
0.818716094,0.194471783,22.67373653
-0.951668692,-0.846536143,310.8328033
0.425932028,0.453142339,7.712960633
1.559654966,1.7292522,49.77228168
1.719510283,0.050844158,844.9265862
-0.838953692,0.238760342,25.0119662
-0.839750806,-1.491089863,485.7454362
1.315039047,1.536449666,3.819443013
-0.464899177,-1.51109662,300.4775392
-0.506118484,-0.99560447,158.9588002
-0.148258768,-0.313358391,12.56372629
-0.40517814,-1.94522967,446.9309376
-0.097156424,1.983139493,390.7529697
1.444996625,0.198219281,357.3309016
0.870525533,-0.702195943,213.1798725
0.568980257,0.784772858,21.44104289
-0.373081141,1.426013117,167.4768442
1.507314209,1.718673472,30.87396339
-0.513849995,-0.624708972,81.27953844
1.994959011,1.144374808,804.9883964
-0.939609823,-0.665357148,243.4617695
-1.686884081,-1.613551668,1995.602997
1.277207539,-1.301580243,860.2315047
1.120201211,-1.469937642,742.4616281
-1.141708985,0.475629949,73.12370128
0.655575272,-1.342245958,314.1258514
-1.187206032,1.490364724,5.438457403
0.071596785,0.695988542,48.59102396
1.00164209,1.833501438,68.92562466
0.737574216,-1.43396109,391.3080952
0.865088253,-0.058416199,65.1098382
1.351525692,1.856064277,0.210256878
-1.515536536,0.276644261,414.4514473
-1.419951848,1.825588917,9.491837136
0.493409103,-0.649052991,79.91324714
0.052093466,0.102231409,1.888903655
1.576246418,-0.301515299,776.5495891
-1.806509696,-1.412968185,2194.790716
0.609649835,0.19151215,3.398163588
-0.456478974,-1.212581237,204.0324407
-1.736702505,-0.47346423,1225.220232
0.609490591,-1.171057034,238.0941715
0.714910611,-1.551747289,425.6140068
0.442985059,-1.832185013,411.7593496
-1.265286275,-0.011753765,265.2126578
-1.646806744,-1.8649839,2101.858531
0.004372986,0.671629897,46.09737639
1.438532683,1.667819956,16.31705901
-0.633470407,-0.550289677,93.21761572
-1.85853465,-1.621750376,2584.648744
0.631457891,1.045935569,42.0221544
1.863805733,1.253151208,493.8617469
0.990351681,1.116529828,1.842447991
0.646364526,0.450689364,0.233313944
-0.747532745,1.127920765,35.44312268
-0.860465515,-0.504460496,158.4293221
-1.89536023,1.750295406,347.7145078
-0.447098651,0.799273529,38.01929243
1.182293508,-0.463653314,346.5407534
1.446540662,-0.492666168,668.4974115
1.713658115,-1.337943556,1827.702204
1.301734779,-0.981785863,716.3488365
-1.207071783,-1.245998056,735.5030641
0.342909326,0.609843663,24.66344944
1.675186721,1.132698882,280.5333963
-0.409763632,-0.761810913,88.42483089
0.012637025,1.06831034,115.0694658
-1.633938237,-0.59785797,1074.666535
-0.068861401,-0.259325397,8.115618029
-0.364082541,0.761157834,41.37473559
-0.419186175,-1.953431174,455.3413048
-1.109465252,0.682675325,34.50631442
0.65041578,-0.386930194,65.72749203
-1.403251015,-1.352285381,1108.944609
-0.30882382,1.337281592,155.9469255
-0.165986826,-1.565688779,255.2010241
1.831218322,-0.879112056,1792.073353
1.784859849,0.913856251,516.7546203
-1.737760361,-0.875453875,1524.804233
-1.924131826,-1.112887432,2327.137448
-0.991325966,1.861797694,81.24187751
-1.312732421,0.108946612,265.9515721
-0.966506375,1.293168895,16.75771177
-1.579549361,-0.694345672,1023.831465
1.874194535,-0.903528845,1950.988166
-0.15101701,1.758231341,302.4949039
-0.908515824,-1.316891434,462.5841206
0.747300089,0.718985989,2.640799281
-1.546785976,-0.379050958,774.6615627
-1.375433157,-1.931194663,1467.184019
1.845814491,-1.207384886,2129.998924
0.441792931,1.677478007,220.0320386
-1.639537921,-0.185249734,832.572177
-1.699309308,0.759212152,460.3119423
-0.059841618,-0.289094391,9.689153834
1.220897354,0.335821385,133.3979315
1.111443836,1.258837383,0.067785741
0.289345819,-1.823508835,364.257595
-1.812327993,1.243564541,424.4643131
-1.900530406,1.655001173,391.4037109
1.412401555,0.023195478,388.923332
1.483084075,0.523483373,281.1494064
1.860619589,0.159067835,1091.61417
-1.202222981,0.542632763,86.33783909
1.663108646,-1.509887433,1828.701499
1.747296619,-0.367467055,1170.54905
-1.079771383,1.5934373,22.60372972
-0.69720621,-1.595744885,436.2868641
0.685203021,1.104401793,40.40872199
1.350131648,1.474078979,12.28709593
-0.400585723,1.629377112,217.7307676
0.66892899,0.639985815,3.815996141
-1.167189468,-0.799092211,471.8718496
-1.653470462,-0.823145214,1272.343906
-1.85774242,-0.709375336,1739.211146
-1.125937813,-1.5270144,785.582568
1.718433067,1.844959373,123.2942542
1.662525968,1.51342785,156.8301584
0.777738858,0.464187168,2.028783484
0.674559318,1.618403285,135.4495881
-0.244760586,-1.81577123,353.3665905
0.663385883,0.361987488,0.723166071
0.596784923,-0.171662801,28.02145466
1.959564047,0.642536059,1023.228789
-0.764391845,1.667458073,120.4373261
-0.32750127,-0.091882744,5.727926644
-1.451960495,1.906456734,10.08171226
0.470657237,1.399104896,138.9512382
0.98332618,1.917661733,90.38928916
-0.448547998,-0.317774279,29.03123438
-1.28562058,-1.847480754,1230.434791
1.894082576,1.438179961,462.7780261
-1.629664712,0.626332203,418.7919618
-0.630429142,1.244468758,74.40391788
-1.975498821,0.51311582,1157.710906
-0.135285435,1.31454068,169.3123059
-1.797051551,-1.163955491,1937.975716
1.785265101,0.950108891,501.0615437
0.552584712,-1.205903373,228.5888152
-1.344355954,-0.239372348,424.3798813
1.179179758,-0.495141921,355.5834142
0.332292938,-0.842553269,91.26137031
1.174041184,0.939987981,19.24840662
-1.063204142,0.136356153,103.0697345
-1.067463878,1.282323932,6.31487061
1.778951258,-1.195390618,1901.617513
-1.324269995,-1.141956896,843.8799164
0.445382986,-1.643730687,339.6396219
-0.07088113,-1.54630335,241.8084827
1.841874716,-0.332641211,1388.378298
-1.047766784,0.321022287,64.53407698
0.752817842,-1.344024137,365.1610336
-0.560252904,1.138034311,70.35687535
1.865801305,1.794847145,285.1331004
-0.603942626,-0.928446202,169.8074188
-0.877625834,-1.654075157,591.249624
-1.527226252,-0.832884134,1008.301915
1.628961672,-0.56820115,1038.341815
-1.815632718,-0.953602827,1814.284035
-1.101284195,1.630060217,21.8237611
-0.026076451,1.920285471,369.5413566
1.6678966,1.623768199,134.5681647
-0.032827806,0.097733415,2.000966682
-0.126008534,0.465917956,21.52147789
-0.170963207,0.046680037,1.401610732
0.827065444,0.974421922,8.462232206
0.713583012,1.677176307,136.4987329
1.768884004,-0.31892757,1189.377585
0.77491897,-0.630711186,151.6386145
-0.765694495,-1.988075319,665.8523573
0.586020845,1.383484518,108.3447092
-1.252394953,0.255676974,177.421906
1.14492255,-1.052065887,558.3570391
1.38994048,0.846384162,117.9940156
0.075060774,0.359412346,13.37141588
1.7405768,-0.435477325,1201.229805
1.09868192,1.744096052,28.84600343
1.73276661,-0.6205685,1313.185081
-0.708424288,-0.66825116,139.83589
0.47434768,0.010613456,4.8727147
-1.679761153,-1.30660646,1711.387939
-0.455148853,0.493067104,10.29171802
-1.377351222,-1.572248806,1209.287407
-1.660141779,0.89023026,355.2124191
0.329847902,1.271227651,135.5729924
-1.39395712,-0.159236974,447.7200233
-1.949519833,0.152219248,1339.788002
0.584482044,0.642727554,9.239275675
1.719695985,0.972659343,394.4193614
-1.503625756,-0.689248153,876.5998978
0.548578639,1.630868056,177.0750375
1.442964846,-1.468963059,1261.234872
-0.991382402,1.611061725,43.43197466
1.042625065,-1.498329761,668.4294709
-1.843429642,0.392659194,911.4323899
-0.384350399,-0.217387331,15.24714421
-1.539930877,-0.09831078,616.3920134
1.133745575,1.905796389,38.50965793
1.197170943,1.146372257,8.26693964
-0.313912635,0.067339848,1.823718493
-1.70027833,0.739284174,470.2565368
-1.711773181,-0.782751436,1385.930358
0.704513072,-1.872961083,561.4454439
0.619289579,-1.126118302,228.0455948
1.08987362,-1.407874005,673.7731539
1.401783823,-0.653236734,685.6766826
0.04368895,0.033736571,1.015832006
-0.765783478,-1.288002414,354.4655551
1.76850293,0.685578043,596.9389968
1.961207971,0.076193171,1422.322148
-1.345131888,1.807082444,5.500171356
-0.446073689,-1.665157103,349.5924901
1.58119005,-0.542322001,926.0086552
-1.311689631,-0.847688937,664.9185996
-0.176689271,-1.467136492,225.8915452
1.724112261,-1.286843419,1814.778718
-0.091211869,0.629593433,39.78886022
-1.634900419,-1.660346264,1884.64448
-0.596903923,-0.041909579,18.40673454
1.515586304,1.942833193,12.80937276
-0.282237726,1.702236684,264.9202486
1.308281781,1.058980318,42.68644147
-0.669293119,-0.94753502,197.5252988
-0.410600763,-1.90036932,430.0502971
-1.971920784,-0.544826718,1974.245692
1.111424263,0.889601439,11.96066855
1.493515412,-1.522050805,1408.473571
-0.850926937,-1.828093199,654.7830257
0.073185576,-0.099378512,1.955919465
1.380183447,1.747179608,2.63231191
0.184756227,0.33339066,9.620025589
-0.594646962,1.000728146,44.41973443
0.43031952,-1.056523055,154.5059142
-0.817151763,1.731383875,116.4365072
-1.033774346,0.679292468,19.299235
0.587237834,-0.015444227,13.15144118
-1.910229067,1.777553012,358.6914916
1.883375317,0.498288643,930.3069968
1.836030163,0.459551518,848.3561087
1.798992271,0.498799154,750.06955
-0.728036009,-0.055967158,37.32612913
1.616010668,0.240199295,562.6816573
-0.031789493,1.141077501,131.0398499
-0.61725615,1.723284646,182.7869406
-1.545540374,-0.994743966,1151.245731
1.64690935,1.569969799,130.912698
1.244444783,-0.615204151,468.2831237
1.545280451,-0.909384772,1087.500525
-0.416948778,-0.31998647,26.39482275
-1.530882361,0.775106843,252.4226955
-1.854129032,-0.045500349,1221.480331
-0.930162539,0.832159186,3.834712494
1.556098312,-0.089113717,630.5982241
-1.650213681,-1.076699952,1450.951544
-0.936078684,0.259549849,41.77948225
0.705350743,0.971644224,22.56622741
-0.341877848,1.994102508,354.1968966
1.766715838,-1.362724314,2011.221674
-1.874589174,0.895153123,694.1434553
0.780538709,0.521476191,0.818423751
-1.044150122,-0.747454106,341.8939958
0.43813828,-0.856139627,110.1680514
-0.209629711,-1.817706521,348.0376995
0.984063506,-1.192821441,467.0798462
1.580756867,-0.377435083,827.6056581
1.63993994,-0.859289718,1259.731528
1.474057676,0.922042478,156.6756834
-1.47100852,-0.378158428,652.2947357
-1.733922944,-1.816100025,2333.210607
-1.859518453,0.033168485,1180.993027
1.838326014,0.524505047,815.7695963
0.861761905,0.415882648,10.69572693
-1.38141148,1.304327697,42.14909428
1.712696144,0.930683235,401.5665743
-0.864022032,0.43276073,13.3199492
-1.854870205,1.824419317,269.3360145
1.042451962,0.364683826,52.13341753
-1.932634509,-1.068588752,2316.11999
-0.650839252,1.625704709,147.2328312
-1.575139835,-0.803164722,1085.24816
0.890876303,0.195219538,35.82507704
1.256216892,-1.952100135,1246.283447
-0.924807844,1.146275507,12.173332
1.006012552,-1.20326113,490.7653629
-0.761242946,1.155921619,36.32922295
-0.078654449,0.757642061,57.63203806
-0.266062024,-1.222719464,168.9193279
-1.393553352,-0.824195444,770.9078109
-1.449117077,-0.628649059,750.5181651
-0.498972177,-1.20478268,213.5875433
-1.943265707,-0.533983038,1866.500947
-0.028207596,0.192597584,4.736008338
0.99466571,0.368577442,38.53711125
0.738289894,1.953860662,198.5370506
-0.659374871,-1.518011098,384.0909654
1.615081251,0.329803912,519.6181901
-0.806969544,-1.295444707,382.2076401
-0.242190935,-0.161780371,6.402277489
0.692000008,0.47064717,0.101615643
0.946371351,0.533192802,13.13813159
0.521463636,-1.602183436,351.4569864
0.002758337,-0.228818137,6.230613099
1.836983083,0.328753645,928.3617966
0.938818253,-0.145769219,105.5072357
-1.305815452,-1.271693718,891.4790146
0.283529019,-1.785538389,348.6817227
-0.702581594,-0.894758505,195.6585204
0.412292287,-1.310168134,219.4307095
-0.223866019,-1.065500245,125.9578073
-0.034317921,1.073393396,116.0344592
-1.060172162,-0.893861055,411.4065137
-1.330438084,1.02869094,60.39456502
-1.476249581,-0.629459948,795.0522616
0.172220999,-1.339659381,188.1887946
1.054143921,-1.557462819,712.1894135
1.001982951,0.937772094,0.438218008
-1.770711568,-1.999208121,2644.116879
1.511371638,-0.002947039,523.3858905
1.062998166,-0.972564375,442.0669881
1.478635071,-1.577545809,1416.929044
1.806135796,1.546659853,294.9324416
-1.940855463,-0.54399756,1867.049591
-1.073044859,0.21564796,91.86543254
-0.090040106,0.753035431,56.67999128
-0.031028216,1.989593329,396.5281772
1.883042922,1.763515268,318.4517044
0.068925012,0.143540086,2.79315119
0.754665382,1.291990586,52.25658719
-1.987154747,1.099236672,820.9150847
-0.004505557,0.875477173,77.65150502
1.93565715,-0.381398464,1705.051788
1.82035761,-0.27373665,1287.64447
-0.355722318,-0.744621641,77.72995902
-1.463058327,-1.643208293,1437.741519
-1.255781844,0.097439855,223.9948347
1.410279985,-0.149962481,457.6371674
0.54276806,0.688630813,15.73531243
-0.401450723,1.669185506,229.3773475
-0.03216516,1.850787498,343.2239442
0.721402659,-0.730892346,156.6563248
0.819189723,-0.075816939,55.81697138
0.900807935,1.599762989,62.15279782
-0.713564295,1.007364194,27.75564925
0.888038502,0.158715622,39.68952804
1.664657662,0.694963755,431.4697665
-1.596135274,1.688771303,80.50680421
-1.083041514,0.144038168,110.2109693
1.25239008,-0.447535756,406.4960213
0.639072355,1.874448792,215.0562239
-1.620318643,-0.954909183,1288.750729
-1.502671262,-0.164719883,593.2306646
-0.07152478,1.276257382,162.728259
-1.067496014,-1.059889765,488.0270733
1.989305048,1.545509958,582.6685222
-0.667891727,1.045691694,38.73535801
0.446714185,0.798310207,36.1570771
0.048563265,0.630352506,40.34289273
-1.711277621,1.048641836,360.7268311
-0.896737938,1.710140772,85.6815485
-1.604796984,0.400140167,479.9489111
0.897416452,-0.278767508,117.542964
-0.115097462,1.255529227,155.5698496
-0.063731075,-0.274253252,8.877442248
-1.255072868,1.810190229,10.60702296
1.109278295,1.356696123,1.604529909
-0.691167656,-0.188718831,47.27315047
1.31036549,0.176683585,237.3715734
1.564454413,-1.923902985,1911.250413
-0.982623437,1.662781655,52.54415856
-0.540090277,-0.801728229,121.9298622
0.626770269,-0.591378268,97.0080512
-1.453858911,-1.500699767,1312.414136
0.406663015,1.324895594,134.8008942
-0.67102083,1.014051271,34.57736068
-0.929958523,-1.078501746,381.3757904
1.32910285,-0.507467281,517.2075707
0.00857899,0.174244841,4.016477767
-0.794087456,0.785584266,5.62154051
-1.649200978,-1.800122066,2050.045549
1.161214651,-0.413572787,310.4876598
1.940181551,-1.184159954,2449.61394
-0.901261398,-0.530398764,183.8913017
-1.277639978,-0.06251082,292.4476805
1.303535907,1.56964924,1.770625832
0.783559052,-0.458822225,115.1340443
0.863350362,0.228381816,26.74674915
0.448677622,0.080855655,1.754920048
1.42002475,1.427453782,34.87046551
-1.342724099,-1.523182987,1111.776486
1.099886541,-0.630960932,338.8317991
-1.935094726,1.122825641,695.9804542
-0.162967092,-1.191113336,149.6249073
1.268756482,0.231099103,190.1381326
-1.671699105,0.428465331,566.9868436
1.004922854,1.923059031,83.39145537
0.255038462,-1.319069074,192.1320387
0.438074263,-1.791411018,393.6716136
-1.665110706,0.828971177,384.8696516
-0.049922642,-0.69187075,49.31633792
-1.156346603,1.631847474,13.33522954
-1.604845789,-1.635444948,1780.016229
-0.089458936,-0.065152967,1.722098881
1.06097196,1.66718859,29.32887657
-0.975369104,-1.794883503,758.0791207
-1.869176509,0.689977212,794.3860716
0.695202761,-0.764329995,155.7526784
1.233434615,-1.054886617,663.7596438
-0.081621393,0.619850926,38.76996437
-0.632922074,-0.1214236,29.91629109
1.97023513,-0.00602933,1512.483626
0.16427824,-1.052039139,117.1282452
-1.976783904,0.146603702,1423.426676
-1.062625072,1.155601694,4.324274828
-0.563306466,-1.522549209,340.9536544
1.534414538,-1.709246317,1651.630474
0.28574069,1.870992543,320.6856479
0.112685902,0.785540074,60.51579598
0.420193608,-0.955586967,128.5124551
0.087251585,0.521292537,27.21979289
0.76720255,-1.310914093,360.8694793
-0.261806052,-1.952112184,409.896653
0.528345863,-0.049310184,11.01102426
-1.444891051,0.426832564,281.828927
-1.837318195,0.901733128,620.1204591
-1.277542133,-1.949192822,1287.762982
-0.794303207,1.905499836,165.6755154
-1.791896316,1.191605428,415.5466754
-1.532665449,0.634855827,300.2651469
-1.15814649,-0.848669376,484.2556248
-0.176539079,-0.737314362,60.44045792
-0.497532244,-0.306250574,32.91081822
0.31992459,1.397534717,168.212396
1.530349618,-1.470625619,1453.869771
1.752982754,-1.329738022,1938.931876
-0.557936855,0.492473102,5.709770837
1.690709356,1.303200465,242.3721611
1.341936936,1.6832866,1.49773717
-0.936535815,-0.056766381,90.96068819
1.330983562,-0.890155332,708.5596386
0.285037207,-0.236309786,10.59535281
-1.20978237,-1.18199033,704.7838737
-0.477203345,-1.51294386,305.174253
1.131649591,1.518938484,5.696386955
0.454695263,-1.8468147,422.0092444
-1.761376058,-0.205400087,1101.809519
1.48409487,0.573770112,265.5226954
-1.380200971,-0.263807683,476.0183927
-0.320455248,-1.374079118,219.8287674
-1.526161736,0.380591612,386.0771273
1.493134213,-0.307375401,643.7913801
0.550641026,1.802215071,224.9048812
-1.052724255,-0.889498546,403.3049549
0.905357985,-1.240131086,424.2882777
1.698258353,1.254759401,265.9565935
0.370645187,1.619345598,220.0189267
-1.940872984,0.655872093,976.5529144
-1.172995739,-1.491559455,826.9651811
1.437032003,0.903897644,135.0210258
-0.850570171,1.801026287,119.5374481
1.987335009,-0.582302932,2054.699008
-0.64109644,0.788866688,16.97116982
-0.701932744,1.556661303,116.0959028
1.446349462,1.054578135,107.8084459
-0.550036753,-0.049660082,14.80713395
-0.595793206,0.681421165,13.203622
-1.540122049,0.437839818,380.5404679
-0.700545393,0.552118321,3.268291772
-1.81311644,1.632472624,281.7891812
-1.222782292,1.863614948,18.51397393
1.369147095,1.292588016,34.00584717
-0.359295169,1.621664746,224.6247193
1.659805393,0.9905712,311.7399901
-1.012509562,1.553535178,31.96657768
0.054726478,0.733501605,54.25753391
-0.18385277,-1.670256159,291.7828741
-1.874712349,1.047838944,616.7285345
-0.733846072,-0.905868263,211.6348729
-0.822060933,0.332248154,15.12160597
1.478287329,0.836317467,182.2131646
0.826661382,-1.77450621,604.1451205
1.630141687,1.475352672,140.111665
-0.196840264,1.218125578,140.5260245
1.254543224,1.962634627,15.1779092
-0.828216844,0.236738256,23.52087977
-0.26355225,0.261100385,5.269176108
0.788766,0.955879318,11.18202527
1.335030679,1.614491814,2.928436347
-1.828174112,-1.05136651,1938.359325
-0.475940886,-0.208663832,21.11687444
1.967175224,-1.821431196,3239.922052
-1.323501773,1.633960241,6.783911865
-0.853538842,1.237203683,29.31064488
0.466589631,-0.006447897,5.309018387
-1.095894691,1.587896737,19.36283029
-0.95363999,1.193596262,11.89179939
-1.331247215,0.175275416,260.4576414
-1.281717991,0.690111991,95.96787325
1.864288323,1.943234271,235.552565
-1.997472301,1.946001593,426.7351078
-1.769511131,0.359461365,775.9068702
1.516939246,-1.626350934,1542.757982
1.992135058,0.2732697,1366.532479
-1.540804976,-1.743000378,1701.490751
-1.603101321,1.898873224,51.8083725
-1.994961892,-0.097074829,1671.120115
1.307329769,0.205366399,226.2192718
1.93744531,-1.595166618,2861.910147
-0.316767359,1.469634805,189.2302755
-0.790430635,-1.189666288,332.4273884
-1.5326152,-1.872823254,1788.71676
-1.777261745,1.26707132,365.5236947
1.741900999,1.47518961,243.607709
-0.010749264,-0.420737893,18.73337586
1.383502156,1.808947159,1.252327805
1.560983477,1.098844424,179.2922735
-0.675435992,-0.176266294,42.81019003
-0.630321138,-0.471753728,78.18420856
-0.436519594,-0.424299168,39.86745927
-1.763987373,0.96011367,470.5511084
-1.581734656,1.255005665,162.1360422
1.255795316,-1.757216148,1111.77975
1.910401046,1.144304898,628.4952965
-0.598453177,-0.135930218,26.96620378
-1.266769602,1.613020877,5.145159436
1.480705672,-1.11359074,1093.247592
0.353819653,1.956342293,335.7300266
-0.942631754,-1.859136803,758.7546358
0.907424183,-0.764797741,252.2517
-0.781688453,0.000134958,40.49452429
1.16797847,0.194461386,136.8509081
-0.996239638,0.054610134,91.94747766
-0.777392855,-0.415879481,107.2438331
-0.353727826,1.368493691,156.4295535
-0.271194543,1.756295446,284.7803437
0.64543745,-1.468934398,355.6457525
-0.365178294,0.683383534,32.11683014
-1.627154806,-1.555095338,1773.194293
-1.641743059,-1.507095814,1773.008902
-0.319370103,0.856905544,58.72938877
-1.023674804,-0.935680478,397.5584194
-1.182700072,1.691040739,13.30584517
-0.184061974,0.936655613,82.90259826
0.801595218,-0.056206773,48.86615102
-0.191047285,0.625556784,36.1174932
0.96419268,-1.661964947,671.6571682
-1.650265873,0.581545646,465.7682567
-0.006188812,1.871423606,351.2207116
-1.406147765,0.820787586,139.5304338
-0.564326339,-0.827187899,133.6989941
1.065058549,-0.175846211,171.6655682
-1.450352055,1.907654487,9.840597523
-0.521078499,0.145170498,3.910170296
-1.380765282,0.44636336,218.8716715
0.659542809,-1.909815527,549.9303571
1.062610806,1.994554313,74.89781485
0.291451928,-0.788354691,76.76714023
-0.528653652,0.723259855,22.03130975
1.371220981,-1.669116796,1259.936125
-0.355787857,-0.45685945,35.87890321
0.166435147,-1.374047413,197.1845959
-0.76162949,0.143173271,22.19204196
-1.221064644,-0.844161299,550.2304267
-0.041638493,1.340017817,180.1854313
-0.940813813,0.640083566,9.771564708
0.069560591,-0.15220227,3.331903357
1.763356056,-0.971847662,1666.261023
1.599779441,-1.642122309,1765.549853
0.342157521,-0.694777559,66.34268999
1.427915317,1.378811277,43.76038888
1.109809222,-1.547049666,772.1439739
1.662883499,-1.372304451,1712.318439
-1.559621793,1.499597269,93.56751375
-1.71534087,1.630773692,179.4079381
-1.999351773,-1.553553691,3090.313141
1.197769361,-1.865585634,1089.195589
1.361507099,-1.579029397,1178.494884
1.055945689,1.030074413,0.724727237
-0.662261369,-0.692761659,130.7587978
-0.903008173,0.422687486,19.04561829
-0.44334447,-0.777206628,96.90428159
-0.654295213,0.868657781,22.1456123
-1.015861456,1.645473215,41.70176504
0.397098079,1.562447846,197.6988266
1.308041499,-1.352299531,938.4584819
-0.741266039,1.027561369,25.88863237
0.851602229,-0.192551584,84.25365676
-0.639125701,1.495285957,120.8010908
-0.597066844,1.209956898,75.39139912
0.163428029,0.305859051,8.492343372
1.242511039,-0.770838128,535.8293708
1.372059731,0.836833364,109.4903188
-1.17216385,0.951111818,22.59903866
-0.822560205,0.366804764,12.91936239
0.877082217,1.77510319,101.1845026
0.632871715,-0.305790656,50.02319083
1.048567436,-1.212943546,534.7389456
-1.212894356,-1.730918232,1030.197122
-1.608639682,-1.40640734,1602.111621
-0.601954522,-0.310088867,47.78355992
0.63009837,-1.372659278,313.3147018
-0.909827006,-0.928311314,312.0349294
-0.698397473,1.713755298,153.1912388
0.582783419,-1.933343036,516.8176731
-0.521932412,-1.295843495,248.2592603
-1.875166067,1.014352479,634.2145901
-0.915968269,0.650105943,7.238950364
0.954743217,-0.587190126,224.6196316
-1.44231632,1.909411662,8.884383767
-1.762934098,-1.49776248,2128.880239
-1.574490517,1.792447979,53.7661685
-0.02170723,0.688860778,48.43190621
1.662585721,-0.529593065,1085.340552
-1.539171222,0.77809833,259.5594921
-1.913225217,0.572051724,962.2953704
-0.425363985,0.792299122,39.40833018
-0.23150876,-0.372832422,19.70075987
0.778692603,1.519681563,83.46420845
-1.324518788,1.299685823,26.07534082
-0.82400747,-1.573055487,510.4971297
0.204275903,-1.098817376,130.7176993
-1.432949705,0.613913124,213.115616
-0.632310526,-0.487170112,81.33898064
0.633140695,0.262693894,2.043770335
0.621197232,1.189408841,64.70838697
-0.853259378,-0.162550666,82.75180397
1.824934071,-0.108521202,1183.287666
1.542508972,0.565904252,329.1470346
-1.349819445,1.551804395,12.8228952
-0.249829593,-0.882490104,90.84660662
-0.664930526,1.160604411,54.39216737
1.41382913,-0.246000883,504.1350031
-1.518855286,-1.270541104,1286.168415
1.755991715,-0.936807043,1616.863947
-0.447384137,-0.130251932,13.01163405
-0.610906601,-0.201691073,35.64578513
0.661747911,-0.178646281,38.12861589
0.983401938,-1.230107267,482.7631881
-1.848152778,-0.010788101,1182.172589
-0.613429426,1.747014111,190.4900613
-0.749158047,-0.14684268,53.19734763
1.756344211,0.357346193,744.4424751
1.572112952,0.895662557,248.6660117
0.611546987,1.059669029,47.16650751
-0.106399533,-1.573800742,252.4851696
0.210203632,-0.925044742,94.56451743
0.342942794,0.938601766,67.83451155
0.708049277,0.255355455,6.135768738
1.177793385,1.618094437,5.362961276
0.106903217,0.891539802,78.25724786
-1.649323006,0.467116129,514.6875174
0.261106618,0.588656942,27.63593514
-0.194235709,1.635393476,256.6798527
0.592508891,-0.147210117,24.99403619
-1.799604816,-1.068143677,1862.622513
1.35493417,0.739891861,120.237658
-0.04842418,1.152586075,133.404669
-0.093807036,1.496971758,222.6620033
-0.33087331,1.622216113,230.6091415
-0.968723608,0.896274138,4.053545763
0.383119589,0.271075665,1.925467255
-1.859340467,-1.529738974,2495.078971
-0.312362831,-1.365498815,215.7794895
-0.460201776,-0.770062809,98.53483386
-0.465186872,1.599856633,193.5423231
-0.60300273,-1.968849703,546.6075134
-1.767793105,-1.776320195,2410.045281
-1.262221656,-1.253121791,815.2744182
1.272041554,-1.46857778,952.8256298
-1.400757294,-0.07939177,422.5410735
0.681225173,-0.433348219,80.63715702
0.335531346,1.29008604,139.0932635
-0.264436794,-0.036572263,2.733005836
-0.562894387,0.715301532,18.31899389
-1.149602718,-1.684543697,908.302613
1.694294459,0.131117256,750.9770862
1.730272027,0.144489531,812.4138403
1.495328657,-1.288087197,1242.169899
0.383386797,1.00919789,74.7212434
-0.378577772,1.341055114,145.3571463
-1.739431991,1.517695966,234.8890783
0.726225024,0.444181998,0.767522681
-0.859215876,-1.88655966,692.4202673
0.379010408,-1.531818124,281.1045993
-0.945346088,1.341239138,23.81535878
1.182282063,-0.906627642,531.0676973
-0.60258334,-0.725055761,120.9780235
-0.335491135,0.847635438,55.81796434
1.538038837,-0.750024081,970.9780612
-0.446586891,0.251561918,2.364284622
-1.098216138,-0.308865394,233.9080677
1.840938618,1.020432374,561.7444904
